"Name","Latitude","Longitude"
"Shake1n1bake",,
"rehughesjr",32.571032,-89.876449
"therazorgirl",,
"TrentB55",,
"whydidshelie",,
"Blacktradelines",,
"Blacktradelines",,
"Blacktradelines",,
"Blacktradelines",,
"Blacktradelines",,
"Blacktradelines",,
"Blacktradelines",,
"Blacktradelines",,
"Camvar97",,
"CrossroadsNtwk",,
"CrossroadsNtwk",,
"CrossroadsNtwk",,
"Eppsational5",,
"peargordon",,
"tmj_STL_schn",38.740687,-90.3314959
"MrTylerCrook",,
"Brad_Marr",,
"MetalSilverCo",,
"MetalSilverCo",,
"wildturkeyvntge",,
"_ReddingCA",40.59,-122.39
"NDeheve",,
"hoecialist01",,
"tmj_dfw_legal",32.9241691,-96.8672668
"endrewjosepht",,
"jennyraej1979",,
"GiannaRest",,
"tmj_cae_adv",33.5604168,-81.7195533
"sam_theplumber",,
"DFWJodyDean",,
"cyanandsepia",,
"WSAVKimG",,
"lotuswan_leeza",32.8100122,-117.10498915
"harold_fine",,
"belcher_drew",47.300865,-122.6434835
"ROMtoronto",,
"La_Fiorentina_",,
"Herbertmoon1899",,
"EManTheWumpus",32.7155,-117.1585
"newsjunky99",,
"JimBaileySr",,
"pmramani",,
"JoooeyColeman",28.352158,-81.65133775
"Malta",,
"JeanPau16735059",,
"yananalicious",,
"jeanetplus",,
"AkilNeteru",,
"StephanHakan",,
"PetilloSuzette",,
"rene_purstell",,
"Herne",,
"kissingincabs",,
"TripleBEAMEN",,
"WeirdJBronavich",,
"GainesvillePRCA",,
"jyllyt",,
"James24898636",,
"TheKidBrian",,
"KWONGDARA",,
"SomewhereinATX",,
"CatwalkDarling",,
"popeye_doc",,
"MilaKoumpilova",,
"preachingterp",,
"tmj_ctn_cstsrv",42.1014831,-72.589811
"Kserasera3",,
"YsaacJotham",,
"BGleas",,
"CarlitaHidalgo",,
"drooby419",,
"NewHavenCTJobs",,
"djt10",,
"clarkeygirl16",42.746617,-75.770041
"_nielalala",,
"hajjbass",,
"LeeanneLuscious",,
"rvthmill",,
"Marc_J_Schwartz",,
"valleywlax_news",,
"hansriemer",,
"askSarahBeth",,
"petmar0",46.4418605,-93.3613205
"Dreizm",,
"rltech07",,
"oliveandrye",,
"B_Jennings_12",,
"JassiGeeGee",,
"_BeEnlightened_",,
"MiguelPNYC",,
"soupbuntut",,
"MakerMined",,
"kathy101252",,
"ShaneSchulzSpks",,
"jcp59306558",,
"radioaricka",42.6675,-83.2694
"CortKlopping",,
"AuntValLovesUSA",,
"kennethstheory",,
"organicfanatic5",,
"Figarella",,
"BumpBoxx",,
"DangerAsbestos",,
"Hags1978",,
"themorganrpt",,
"NatalieNoName",,
"todd_falcone",,
"Ha11uc1nogen",,
"Ha11uc1nogen",,
"Ha11uc1nogen",,
"i_Tal",,
"housewifeangst",,
"Damon089",,
"_iwriteuread",,
"Playboiirelloo",,
"musicjunkieg",39.9946835,-82.98577205
"caanderios14",,
"ifortunefinance",,
"lauraaylin00",,
"Camrrryy",,
"TippingElements",,
"pennipete",,
"ACEducation",,
"inkishkingdoms",,
"Biigbusch",,
"sixhips",,
"Outdoorgirl612",,
"IvoryDove",,
"_pocketknives",,
"AguilarCare",,
"JustinPegues1",,
"ASAP_Alfredo21",,
"Michael_Katz11",,
"smoll_moll",,
"MattDForeman",,
"mysocialmediagu",,
"Ananzuka",,
"tjs121695",,
"spazzykay",,
"BasedFacts",,
"Project_Hosts",,
"evanjm02",,
"Osito1034",,
"ReginaT01716957",27.79571925,-82.672903
"AnnHuddleston3",,
"CampbellFetter",,
"k_nole11",,
"MizLason",,
"MurphsWords",,
"Darkskintigga",,
"casualgrace",,
"casualgrace",,
"DSzolas",,
"AIIAmericanGirI",,
"dariicastillo1",,
"_havenscott_",,
"Twicki",,
"indieyat",,
"sammmfrankkk",,
"mcgovernmit",,
"ambreiling",,
"Absolute_Supply",,
"Absolute_Supply",,
"stoneblackcrow",,
"yamesxworld",,
"nuritgreenfinch",,
"JAMESPPESCH",36.006031,-95.8887329
"danmateus",,
"newlifemac",39.603017,-82.948186
"NFLGimpy",,
"SpaceAvian",40.3651595,-82.66946745
"ptac81",,
"kingofrandom2",,
"princessdazeyy",,
"SN_news",,
"DCSportsSurge",,
"Konungrr",,
"bigbadnickwolf",,
"JDigitalLearn",,
"RosbelDuran",,
"Nolimit_Luiss",,
"AnitatheBaker72",,
"TexasChance",,
"TexasChance",,
"TheCobourgKid",,
"mfesta33",,
"pkmorgan",,
"RachaelMoshman",,
"AliaLink101",,
"lemonious_",,
"Schaaf_Writes",,
"ADMDEWEY",,
"renmari3",,
"michaelpeckerar",,
"MomsUnitedChi",,
"cleon_cm",,
"siliconwallst",,
"LeslieBernalWar",,
"HuckBoumaPC",,
"Ridin_G_Shotgun",,
"HarperCollinsCa",,
"joleneomartin",,
"freedomgege",,
"Hundredgivers",,
"Itsme_mieyah",,
"PursuiTGCx",,
"oinonio",,
"JHayes007",,
"RustanL",,
"vlcdearlady",,
"Like_A_Bus1",,
"maggiescorner",,
"jordanmumfordx",,
"CindyG1110",,
"Lilly_moraless",,
"dmoney6288",,
"PaulieMarino",,
"byscottmorgan",,
"blvexmoon_",,
"JLaureniHeart",,
"Mike_NYY",,
"imfinelitist",,
"AngelicaxxNan",,
"Aplondaa",,
"UVAFootballWx",,
"TerriGauthor",,
"kissesdari",,
"CATWIntl",,
"KenjSays",,
"brettbmartin",,
"lefthandturn80",,
"cultofham",,
"HopkinsAMP",,
"stargemini85",,
"allegoryowl",,
"GVFTMA",,
"1stenvironment",,
"SorsHasOars",,
"marlyce11",,
"AryDany01",,
"mallmetal",,
"mallmetal",,
"IAMSavedRYou2",,
"johnjimwell",,
"1nOnlyGizmo",,
"DkbspikeDianne",30.2695572,-97.75937379
"trreal",,
"TitansTonk",,
"_leotiss",33.6311395,-80.926628
"RammFence",,
"ItsJessicaS",,
"lizbclough",,
"janetwanet_",,
"brittvgonzalez",,
"FinalForms",,
"JacobizLegit",,
"dolanzheaven",,
"HamptonVAJobs",,
"GabbartCom",,
"RedditVertcoin",,
"vtmomo4boys",,
"katrinargns",,
"alecurge",,
"TravelerHiker",,
"Unidentified_xx",,
"byrd_nick",,
"RogersHealy",,
"thepoorswiss",,
"MEM_Careers",,
"LePomiere",,
"NurseBotez",,
"josephmorin26",,
"RobertAbbeyInc",,
"sammyjcar",,
"NateBeams",,
"VintageRyRaut",40.572376,-74.153947
"ericzstacey",,
"PigeonDaddyy",,
"childrenshopein",,
"AmWriter93",,
"unicorn_1485",,
"AustinBleininge",40.3651595,-82.66946745
"DustinDry1st",,
"mpollandsr",,
"edclements",,
"_JodyBreeze",,
"IHCGDNA",,
"UTCoachRico",,
"jimdonovancbs3",,
"alcoachiro",,
"_chabedoll",,
"uhgoodhobi",,
"NiikNiikk",,
"BravoHWFanClub",,
"RDeuceLoco",,
"damnlias",,
"romwrit",,
"WPAIntel",,
"DCBeer",,
"OreoBc",,
"LDauter1",,
"rugged_oo",,
"mikeyface",,
"chuuuubbbb",,
"pinter_jon",,
"_abbbbbyrose",,
"RyanKBoman",,
"chillyRBX",,
"hiimnumbers",,
"smokedogbabyy",,
"gregszymanski",,
"SOMESTUPIDIDIOT",,
"PattersonCathy",,
"pmerda187",,
"scituatemariner",,
"Infamous_Brave",,
"ryanfry79",,
"Local_2625",,
"Jamal2Doe",,
"nickpalaz0123",,
"jdowngirl",,
"Vagabond_Sue",,
"fortnow",,
"bypaulklee",,
"AdaJime76276015",,
"TravisMassman",,
"CherokeeNation",,
"deer",37.7706565,-122.4359785
"oners98",,
"EliAlfa",,
"Darth_Farley",,
"fran015217",,
"NIMHDirector",,
"chanda_scobee",,
"Taylor_JT18",,
"FatoumataKane13",,
"randommuslim1",37.7706565,-122.4359785
"Jonny_blaze3",,
"mb5938",,
"PureGuesswork",,
"gracebond18",,
"sqvishybboo",,
"WorkBakersfield",,
"GRAFFIKAL",,
"trixie30737906",,
"KrissyRubbles",,
"DriemeyerPE",,
"CarlClemmons1",,
"SignsWonders",,
"jenlpn611",,
"WorkLancasterCA",,
"tomoplold",,
"tomoplold",,
"LeonYarx",,
"bitsofbrittany",,
"LynnLebowski",,
"alvter82",,
"Luke17_37",,
"ERICKA69311447",,
"AndrewsUPress",,
"Kizzyy_Badd92",,
"doublevv_Q",,
"yeettherich1",,
"The_John_Powers",,
"AlexaCeza",,
"Cricket6",,
"Mikki_Marvelous",,
"RodriguezSabath",,
"JoyRaeFreeman",,
"hockGstatus",,
"AAARPGodess",,
"LeatherWerks",,
"bobbitz57",,
"gvaterlaus",,
"TCSlape58",,
"pdena2416",,
"WyldeRoseRed",,
"gofastmickey2u",,
"OckTheWizard",,
"solarfarle",,
"peterbp2001",,
"Greedsakiller",,
"Grandmasoup22",,
"_barlu",,
"selwynlaw",,
"jabarmustafa19",,
"ghoppe",,
"a_petrey21",,
"Mcfyre",,
"Jackieneon",,
"bbuilder20",,
"Ovzss",,
"JillMurphy68",,
"Hot1047Maine",,
"sharonsweb",,
"RShaffer1",,
"BGInews",,
"David4RUSD",33.97304615,-117.890736
"booboodafu4L",,
"PINKMeisha",,
"GreeniPorcini",,
"Dpali5",,
"ronernie",,
"ATLairport",,
"TalibKweli",,
"lucindalowe",,
"PetkovichAmber",,
"6Notorious",,
"AyneBeato",,
"SarahBe74859571",,
"herovillaintoys",,
"CarolynRParsons",,
"safetysuzie",,
"wiccabuffy",33.94636739,-118.38451205
"CaughlinNicole",,
"Lilyspad58",,
"vlee317",,
"slntknght",,
"Jetkoboci",39.9015465,-74.972174
"Beccaaa_Lynnnn",,
"tominriverview1",42.1702914,-83.1860565
"LTheriault",,
"HunterMilliard",,
"OdessaConnect",,
"LaurenRead99",,
"901___Janice",36.20000805,-86.791549
"ErickkaSpencer",,
"A_Damn_Shayne",,
"lexiscavetta",,
"pointsonpain",32.8198585,-96.7617535
"kelsiN0e",,
"AcuRite",,
"BRxProductionz",,
"fumakuns",,
"Vince02259945",,
"Srcpt2",,
"ElderSUP",,
"ShakleeMama",,
"wildlife_ranger",,
"x_zombies",,
"keepinupwnae",,
"DeShaunsMrk",,
"DeShaunsMrk",,
"sandysebaystore",,
"AlanSmi91072048",,
"xactley",,
"CA_Liberal",,
"SamuraiPaps",,
"NoSacredCow60",,
"Teeshmoney",38.796432,-76.9692641
"FERALROBOTS",,
"flyyerthanyou",,
"flyyerthanyou",,
"flyyerthanyou",,
"corpseinarmor",,
"brookyinred",,
"JjTheHusky",,
"OSUGlobal",,
"SoulXCross",,
"sgcbandit036",38.1779881,-85.6926103
"lrmayer",,
"ametsoc",,
"amotherfuckingg",,
"SGCLE4",,
"sirfrasersays",,
"MattGrumbrecht",,
"CascianoSteve",36.1956894,-119.340256
"DISCOMAZZELLO",,
"LegiScanME",44.307185,-69.78139
"YoungGod_",,
"ThatsSoNickyZ",43.629311,-79.2725695
"ryan_lee_jones",,
"GaryRoyall",33.63933985,-111.8583985
"CincyBell",,
"WPXI",,
"alanna__watson",,
"MsMichelleLacy",,
"AllAmir7",,
"iLizzyLovee_",,
"PlayoffWalter",,
"Mykie_E",,
"McGreedyx",40.7055975,-73.977717
"_ShesKimberly",29.8384948,-95.4464865
"Beckertime",,
"Elijamuza",,
"KGerard63",,
"oldschoolrockst",,
"emobot1",,
"1youngzah2",,
"tfaulk01",,
"GetEmOuttaHere",,
"ResBiltmore",,
"WausauPilot",,
"Dmarvelous5000",,
"ElectricianJobs",,
"FALAChicago",,
"whispywoodREAL",,
"ZJudkins",,
"RealFoxD",,
"davidtb823",,
"AngDonofrio",,
"ratnagiri77",,
"PamelaR5358",,
"ak_mack",,
"CraigCardinal1",,
"readonlyreadon",,
"needysgws",,
"isbanditnow",,
"filterednews",,
"inmyheadgrande",,
"justinbaragona",,
"Noelle_T_XOXO",,
"catmac51",,
"KAZurcher",44.7231447,-93.434323
"niallerssfloof",,
"gavinnflores",,
"TintsofCarmie",,
"harrahgirl",,
"athenavlogs",,
"Andi_M_Schultz",,
"anj2012",,
"irlkuchipatchi",,
"brittuniverse",,
"lexbarreira",,
"TuitNutrition",,
"DavidHThornton",,
"darkgrapez",,
"Joebill32",,
"GmbIndustries",,
"BrettHicksx86",,
"coco_mars",,
"thejedi2011",,
"kellementary",,
"Hoops_VA",,
"jessy_alavez",,
"PatriceKirksey",,
"MarkGroves82",,
"Philosopher_Dad",,
"925WBEE",,
"jmnight30",,
"HarvardChanECPE",,
"ceoflylife",,
"OmartheWonder",,
"defacedwallop",,
"JustinM91979088",,
"GodSon83",,
"bookhultz_brad",,
"tiffhennydo",,
"naturallyswift_",,
"Lacolettewest",,
"TobyJMorris",,
"Paul_Ryan15",,
"PunkerTY",,
"TDKnight_",,
"GeraldKutney",,
"pjam57",,
"AlexisMilan_",,
"StickerSlicks",,
"lochanel_",29.982601,-90.011008
"larabelaa3",,
"BarchartAPIs",,
"PhillyVotes",,
"JoeViscusoo",,
"SCRUPEUSS",,
"AletheiaAtheos",,
"Felix46534107",,
"DanLtcR",,
"Mandalorian_Ren",,
"jeffkatz_",,
"Ieshialot",,
"IamHighHefner",,
"SamanthaLigget2",36.08972222,-93.735
"medinorr",,
"SB_MikeMay",,
"JimmyKastner",,
"laurawershler",,
"Jay_Rombach",,
"Educate4ward",,
"ALFONSO13",,
"MktgNutz",,
"themunnyshot",,
"bertie5053",,
"way2confused1",,
"Jazzawazz",,
"KenferBIZ",,
"TheLadyArcher77",,
"jasonhpoon",,
"zarismona",,
"AbsoluteZeero",,
"ajwithnoname",,
"Kimx06",,
"stephhituppp",,
"UDaytonGlobal",39.73841965,-84.17913408
"BoostO2",39.087055,-77.1631025
"Kamssleona",,
"dottiedgolf",,
"Freddorific",,
"Truthno_chaser",,
"sc_magic",,
"alexxvelas",,
"elizamaries15",,
"51indie",,
"WolfinZ_Yt",,
"powersj_tx",,
"CBarrows",,
"phillyinformer",,
"benyboi",,
"IndiansBoosters",,
"schuelove",,
"jeniferKero",,
"cnrdrjeff",,
"ayrocat",,
"MitchellMeteors",,
"herbegerenews",,
"Work_Eat_Live",,
"polirical",,
"TindallTank",,
"MZyrr123",,
"MZyrr123",,
"MZyrr123",,
"MZyrr123",,
"shift_in2_turbo",40.655138,-73.9487755
"alexbozikovic",43.629311,-79.2725695
"itsdweight",,
"zoldyksins",,
"AgyekumSeth",,
"eccozsasz",,
"jjyeley1",,
"avskrys",,
"JobsTorranceCA",,
"tessmess26",,
"ilovetosuckyou2",,
"StonechildT",,
"ReallyRoseWhy",,
"ccWISEradio",,
"orangepunch1981",,
"Theedy239",,
"RealDavidMedina",,
"K1NGaDM",,
"Defeoman",,
"Chazbone24",,
"MrsLauraMetz",,
"starpizzahou",,
"WillametteM",,
"alficklin",,
"Patri56",27.698682,-83.804475
"moro_ow",,
"ScaredOfBees",,
"imnotdonewritin",,
"ensync1",,
"craigorytucker",,
"jimmjcpb",,
"TrapNastyy",,
"ACloudMacchiato",,
"loganofcanada",,
"HarvardCMES",42.37819765,-71.112377
"TLB8275",,
"djsamples",,
"bradyjyoung1",,
"mrshoeless",,
"Big_Budah",40.3553049,-111.7489956
"mikadoOy",,
"yamsbitch",,
"a_riggs6",,
"Ian_Parsons",,
"Blazyy_",,
"jdLlamanzares",,
"rabhimself01",,
"belzsells",,
"OutreLights",,
"321gametimee",,
"Stephen52992",,
"GodAloneAlways",,
"gin_and_tacos",,
"a_hl_yhrndz",,
"Coatman1",40.8470209,-96.75506667
"Khamwinters",,
"ThiefofElsweyr",,
"mpgradio",,
"Ktthroger",,
"oxygenMark93",,
"LimaBeanBoomer",,
"YourHostNick",,
"madalsarani",,
"Qsuave3",,
"DeweyMargie",,
"RitaWirtz",44.065621,-123.12240145
"_cassiebergeron",,
"tuchichi_",,
"TheJTizzle",,
"davidtabrown",,
"EconomicPoems",,
"Scrubdowner",,
"CBSNewYork",,
"join_tmp",,
"ChiSotaGuy",,
"jaizenjavier",,
"shurk86",,
"JGwildcat124",,
"DannaJackson13",,
"brianadaviss21",,
"mscod1960",,
"jcray74",,
"Loyalty_North",,
"HISGLORYME",,
"DirtyMikeDe",,
"nancytoday",,
"flyy_yellothang",,
"jobforaheffa",,
"DynaBuster",,
"andreaszink",,
"ThirteenDoors",,
"danmur15",,
"TrimGoinLeague",,
"NoelleTerrill",,
"realtorlme",,
"MrCoachStew",,
"JobsColumbiaSC",,
"habibteaaa",,
"NikkiSpeech",,
"TeamWarpWorld",,
"FloridaBart2000",27.99805615,-82.368322
"BloodAndTacos",,
"BaylorLawSchool",,
"CoachJCatlin",,
"ambalagia",,
"rdecar",,
"davidnins",,
"twightybird1",,
"ShannonRaeGreen",,
"besspallares",,
"AyselAysel",,
"DITLbyVictor",,
"TheNewsletter05",,
"leb_crypto",,
"homegatereno",,
"LadyJade414",,
"JadenStanley55",,
"JadenStanley55",,
"JadenStanley55",,
"ceedotrose",,
"OnePerfectShot",,
"Myllro",,
"redbaron1027",,
"NoveltyMugz",,
"PointLookoutME",,
"thotslovemannie",,
"danarestia",,
"BSUBeaversWGolf",,
"GlendaGalvez4",,
"CoachDavis12",,
"rowena_tisdale",,
"Arightside",,
"Tavii_4k",,
"rlgunt2001",,
"kirsten425",,
"BPrenya",,
"lestheprez",,
"blakcirclegirl",,
"Jackals_Matics",,
"Heyitsbreeeeee",34.1209715,-116.4226085
"VickieLFisher",,
"weRCharles",,
"PoodleMommy",39.4027545,-76.751479
"martincharlton_",,
"AustinMomsBlog",,
"paper_bag_face",,
"InAwe6",,
"POD_Payton",,
"fjm1947",,
"LilGemsCeations",,
"ComparedTooWhat",,
"ClemDevv",,
"ButtSqueaks",,
"sandy09161958",,
"thatshow_iball",,
"TGAWomensGolf",,
"DrakeTheDerg",,
"CRSsickofcryba1",,
"_dmoney1207",,
"revamontella",,
"ohKAYx33",25.7823537,-80.2333285
"ABBUKA",,
"ABBUKA",,
"brightmaroon",,
"Brax_Thunder",,
"_camoore61",,
"Bankroll_Fresh3",35.707609,-89.988893
"Betterduck",,
"8LGlory",,
"WaltD336",,
"mickeyJJordan",30.6056862849976,-96.3864142075171
"realDumbJTrump",,
"dswtx1956",,
"love_faith88",,
"Grubercratspott",,
"shiahecht",40.655138,-73.9487755
"cfcimorelli",,
"OutOfManaStudio",,
"_NMAA",,
"SluggoOnDruggo",,
"michaelchiav",,
"missingbrighton",,
"RadioGirlKatie",,
"CasualLiving",,
"sptbglibraries",,
"Jewell40289493",,
"MemePiTamNunMul",,
"TJBuchi",,
"FunkBrittany",,
"TNatsikas",,
"Moi123_CR",,
"OhSweetCinna",,
"aadharscam",,
"katiethihoang",,
"JacqueColeLab",,
"gestosierra",,
"FawnDorr",,
"KallGoth",,
"sabrinajimenez_",,
"StockXLive",,
"greeneyed_N",,
"AntiDrudge",,
"MisterAdkins",34.0207895,-118.4119065
"IamMinaLove",,
"marcothevirgo",,
"squinton_states",,
"Minalcaraz",,
"BehindFRHSCrest",36.0986851141267,-86.7668762217069
"Jearshh",,
"TDsSister",,
"loveboxf",,
"J_Dahlin",,
"samueltyler5",,
"JobMurfreesboro",,
"jsaxattax",,
"drewjdigby",,
"kohenari",,
"joyadawson",,
"Fergus_TK",,
"NickABC13",,
"CivilLegalAid",,
"DinaJon60818043",,
"olcskinders",,
"CropFarmerNews",,
"SamHersh01",,
"dgswilson",,
"myplacehq",,
"dustyben18",,
"ziggyppz",44.900818,-89.5694915
"doggywoggydooda",,
"toriaaf",,
"gizmo0685",,
"WSMGRadio",,
"DubsPubSavannah",,
"Rachel_Miller23",,
"2Dope6oy",,
"DangShePreedie",,
"SusansBooksGift",,
"ecocd",,
"n2sc4r",,
"Peterman_Power",,
"lil_uzi_diag",,
"escotxne",,
"gnganinja",,
"ForrestGeneral",,
"FordKimberley",,
"Sarges_Kid",,
"ExactSpy9060",,
"Waywardaughter0",,
"piedmontcaatl",,
"Stephan78437899",,
"obisworld3",,
"FlightsMom",,
"whiotv",,
"deswhatuget",,
"H2oSparkly",,
"J_Saylor3",,
"Paul4innovating",,
"NFLNewsNow247",,
"theKantoarbot",,
"elizabetrepp1",,
"dubnib",,
"sighandy58_andy",,
"LWhatsHisFace",,
"LordZedd15",,
"coasterchild",,
"JustinLemus13",,
"martini_c_",,
"pablo05558033",,
"MayaKaimalFoods",,
"Lee_Minholic",,
"vegassoftware",,
"GoldieeeTm",,
"AndNewtons",,
"delphina2k",,
"nyanphie",,
"texflex1",,
"catharticjosh",,
"datsminnoo",34.16825365,-111.93171085
"TroyStoryy",,
"kitat54",,
"justcliffhanga",,
"diidlake",,
"rockytopinfl",,
"Saadaification",,
"UNTAMED_MANIAC",,
"BudElliott2",,
"dakiddmaraj",,
"DWodders",,
"raachellfaaithh",,
"mikewil21212",,
"shruggingViolet",,
"hustlemoney",,
"maggied993",,
"AisB_Andy",,
"RichieFed",,
"RyanHebert89",,
"Dr_Ev3r",,
"stucam7771",,
"littlekope0903",,
"valerwright",,
"JoyAnnReid",,
"aweste1",,
"joymari28004266",,
"mflorin01",,
"Brickman22",,
"storytacular",,
"snekkest",29.8384948,-95.4464865
"imherePaulSimon",,
"PowerTaking",,
"sandeebeechess",,
"dovergriffith",,
"miaenglish1999",,
"HannibalParks",,
"lHomi_",,
"OnlyAfro_ebooks",,
"Pixie_Nixi",,
"BTU66",,
"MichaelDanielHo",,
"Easycure",,
"cookiefairie",33.1946515,-96.699604
"zurielsanders_",,
"bordelies123",,
"ariellenicole0",,
"kapelianis",,
"stargirlphy",,
"RAWneighbors",41.8671,-87.6216
"nest",,
"RealOneNutMan",,
"Q13FOX",,
"JavyLoz",,
"Aliandcortes2",,
"KookYoon_9793",,
"aaronkinn",,
"internetsnathan",,
"eadaoin777",,
"DelawareHistory",,
"OCYD",,
"ErickFernandez",,
"RotterLucas",,
"mula_25",,
"ARAH_Jr",,
"thecomeup_kam",,
"vt_idt",,
"Birdie719",,
"UN_OICT_OSD",,
"employersrs",,
"simskathryneo",,
"HankFowler2",,
"scarrface",,
"virgosveryown",,
"Stmichael2012",,
"GenericName76",,
"MGH_EMCC",,
"gwynita",,
"SugarSkullJack",,
"TheBeanBeanBean",,
"_o_okafor",,
"NickyMurray93",,
"therealmark_e",,
"HelpStopHate",,
"DomingoBlack",,
"mrmattro",,
"kevinamiller",,
"RobCat79",,
"christinakarra",,
"mistertodd",,
"Wil_Johnson1",,
"Bearsreggie",,
"amar3455",,
"rumbunter",,
"euphorwrfr",,
"ShawnJefe21",,
"ShawnJefe21",,
"ImTomHawks",,
"Majinbootie",40.766601,-74.214139
"lemon_meringues",,
"JonteReason",,
"btp325",,
"KiaSpeaks",,
"Makraykray",,
"armienacario",,
"Biggun0331",,
"NKelleherAuthor",,
"OKLAtina_",,
"xyz123bone",,
"mickbrown6",,
"hubersamj",,
"FCUKNPHIL",,
"valeehill",,
"WBoy1970",,
"StankaButtMommy",,
"shenways",,
"_thatsmena",,
"e_newsUS",,
"redbluesnblonde",,
"Monica25899770",,
"1bitdril",,
"mikem28793031",,
"0rignalA",,
"duramaxtc20151",,
"OpenAccess_UNC",,
"JobsVictorville",,
"MattesonCorners",,
"robvlock",,
"modestvixen",,
"audraalexand7",,
"neya_21",,
"chinastylesss",,
"BossyLipstick",,
"RebeccaGAguilar",,
"aprlguiriba",,
"Lestaciaa",,
"Commandr_nchief",39.9472495,-105.0722312
"writelikenate",,
"BeltransBE",,
"BJRimelMD",,
"cristinhamax",,
"squawky",,
"daradomonique",,
"kajokc3513",,
"MisterAlbie",,
"ElizabethHuffer",,
"Generations1023",,
"mlayshan",,
"Keiaaatho",,
"New_Sassy",,
"Casper10666",,
"AlphaPWNY",,
"PacificoSoldati",,
"body_loss",,
"ArmyWP_MSoccer",,
"QRoberts747",,
"Kellita32",,
"WeAnimals",,
"stevensoileau1",,
"beaglebabe48",,
"MisfitMephit",,
"Susanne_2424",,
"injuryexpert",,
"TerraAnimata",,
"MarilynLouise5",,
"KyleAcapana",,
"MaMa_Di_MaMa",,
"go4pooj",,
"ToneFelipe26",,
"easyboyweb",,
"Ikick26",,
"incorrectmmm",,
"amylovvee",34.0451585,-117.6037832
"DaUDPT",,
"DePromotress",,
"imstevedee",,
"americalastnite",,
"chynadenai",,
"crushcrushcoast",,
"shaynbrain",,
"Ruthann6171",,
"JacobTorres02",40.655138,-73.9487755
"cclloveall",,
"CryptoKenzie",,
"M_J_I_G",,
"TheNonprofitCen",,
"Ormury",,
"shardaisa__",,
"Lowcountry1Girl",,
"viktoormtl",,
"giftcityoffers",,
"cheriwade",,
"ashutoshksharma",,
"RightWingJewess",,
"FDTCbaseball",,
"JohnAllard20",,
"JtMardis",,
"mikedidi1964",,
"moncyhern",,
"susyflory",,
"HollyMinor11",,
"FireFades",,
"raikferg",,
"GraceeeMyers",,
"Frumpzilla",,
"Fidelity",,
"TheBardolator",,
"TraderInvestor",,
"lalafylling",,
"OfficeOxygen",,
"Justintime_612",40.7913595,-74.26299
"StefanieDCP",,
"ellikanne",,
"BellaLavaun",,
"poshea",,
"superwool1",,
"snoblifeken",,
"UnnamedReview",,
"katiemilan4541",,
"LGLadyE",,
"hartzell965",,
"boomer_garcia",,
"TrueTategami",,
"apattyquote",,
"kwenniemaee",,
"kwenniemaee",,
"AllHailDjZell",,
"shesimplycute",,
"HerbMartin",,
"bacon_ninjette",,
"becky_teske",,
"hannah_lewis001",,
"ItsRidgePellow",,
"justineangel04",,
"kyleighfisherr",,
"BrandonParker",,
"watkins9111",,
"MemphisCriss",,
"outofnowhere",,
"TheSportsShoes1",,
"ThomasJDelaney2",,
"y0itzflip",,
"Im_Finney",,
"michigannews",,
"purenguyening",,
"ShoeInTheBox",,
"Chastitellez",,
"miCANE",,
"scrapper135",,
"Malaru82",27.698682,-83.804475
"CobraTheCure",,
"A2UsaCustom",,
"RetroFuturRonin",,
"FausnaughtRon",,
"marketemia",,
"mastashake08",,
"PBTechEvents",,
"alexgwriter",,
"funnydanny",,
"eco_i",,
"Mikeydaddy23",,
"kalle_elegante",,
"hereforthis",,
"bey_tee",,
"ImmCivilRights",,
"KristinTaylaa",,
"sonicgeography",,
"ngjenkins",,
"_Djadan",,
"AEDunscombe",,
"Ammo2Go",,
"spdfrk1087",,
"LizGrammaticas",,
"xoxoGoddessSam",,
"nomanriaz420",,
"enhancerxx",,
"bruce3miller",,
"LongLiveDeuce",,
"MasonGarner",,
"jschwiderski",,
"promowestlive",,
"cutiebangchan",,
"bpmckee11",,
"MunnyMusa",,
"A_ForAshleyy",,
"globalvoicesau",,
"HouTechEvents",,
"ChynaEyez_",,
"GANAPNAP",,
"skydicaprio",,
"imamultifan",,
"AmberDanae__",,
"trendsettta",,
"BeauKing",,
"pprincessmar",,
"PantherStaff",,
"J19882003",,
"Je06di12",,
"e92sam",,
"Iheartamerica21",,
"OPBmorning",,
"28sandrajohnson",,
"darbooth",,
"RohnertParkCA",38.34,-122.71
"kherrerapujols",,
"captaintld",,
"ToobieOrNotToBe",,
"aidantgallagher",,
"BJ_Corley42",,
"NMariano53",,
"wilkinstern",,
"HawkNocap",,
"TriemVisual",,
"FMARBelleville",,
"tmj_elp_acct",31.7618778,-106.4850217
"TheAdamWaddle",,
"svcsathletics",,
"supercurrymax",,
"dcrisisbetaART",,
"JKUSHisBAC",,
"swiftriverphoto",,
"TropicalTanGRLK",,
"tmj_KY_skltrd",36.9685219,-86.4808043
"ChelleBelle0524",,
"MichaelMccahan",,
"tominsalem",,
"AReebel",,
"tmj_cob_acct1",,
"coalersports",,
"Lbmb1922",,
"Greg_Pinto",,
"havenotwitass",,
"IAmRyGuy91",,
"playboileek_",,
"TaraRego",,
"tmj_la_hrta",30.1552985,-92.0462393
"isaacpapi20",,
"Angelcat467",,
"OneMugManTwo",,
"ProffittRenee",,
"ExploitGenYT",,
"stevejackson021",,
"Kayc8384",,
"AshiZinity",,
"Oliver1950Turbo",,
"zimhitler",,
"liz_like_that",,
"vS2lem",,
"JobsWorcesterMA",,
"en_cohen",,
"EJF_215",40.0048655,-75.117998
"debitcard_",29.8384948,-95.4464865
"Rose12761",,
"MichaelDoyen3",,
"carlibrinkman",,
"mordyovits",,
"choochoo45g",,
"CraigSangster2",,
"sir_db",,
"cswordpress",,
"xwarriorbloodx",,
"techreview",,
"IAmDaniCanada",,
"CLECLOTHINGCO",,
"RachuyChristine",,
"NewDeal0109",,
"DMLNewsApp",,
"MufsaQuavo",,
"AdamKrouseSales",,
"1HunnidMoe",,
"dfutoryan",,
"dustincelliott",31.1688935,-100.0768885
"T38_Driver",,
"keccers",40.67087955,-73.8311875
"MiamiSpine247",,
"QuestionRealit6",,
"PrillaKillaa",33.7671944,-84.433106
"QuinnMoran9",,
"madgyar",,
"estherlune",,
"KimSoWitty",,
"tmj_VAA_it",38.8799697,-77.1067698
"KingKeeme",,
"MoonWomanGlow",,
"MulattoWonder",,
"kemaMroberts",,
"memepollan",,
"Travtical",,
"Sarah_Izzo5",,
"MatthewCRutter",,
"Kimberl38822386",,
"JalayneChay",,
"mynamejeff720",,
"kimohbaby",,
"ugly_popc0rn",,
"CtrlAltMoon",,
"tmj_BNA_schn",,
"tmj_DC_cstsrv",,
"MichelleShaeffr",,
"tmj_grn_cstsrv",34.9726594,-81.9869503
"fatherofmany85",,
"MattMurph24",,
"jfpoole",,
"JennyforaPenny",,
"AmerMilNews",,
"0H_H0N3Y",,
"tmj_me_retail",44.0950104,-69.1423714
"The_War_Wolf",,
"Chase12Fuller",,
"JohnnyAReed",,
"susanfelicity",,
"monumentacademy",,
"krootlove85",,
"LouieAronowitz",,
"solidpewter",,
"its_priv",,
"Goblinkatie",,
"pincheperezpuga",,
"heyjudenyc",,
"SneakrNation",,
"ChnillyCake",,
"ChnillyCake",,
"heycdr",,
"itsnandibby",,
"tlav9",,
"Iheomanwachukwu",30.4762155,-84.266174
"TeeTheTopic_",39.1140945,-77.15057815
"KingJavanna",,
"ImSoNewYork30",,
"DelBahri",,
"NaboAli23",,
"KaoriBaee",,
"themarc",,
"SunPeaceLoveXO",,
"AV2Pimp",,
"YouTubeJEFF9K",,
"tellmeyourgoal",,
"RealMonique_C",,
"CoachThread",,
"Demsstopcrying",,
"drewski0023",38.0033755,-79.420865
"MegTheSavage",,
"CadeWessel",,
"redhoundstooth",,
"ASeaOfBlue",,
"Trump2020AK",,
"IsYuhBoii",,
"kfor",,
"__damnshefineee",,
"Meshaaalee",,
"KennadyJohannah",,
"alexisraeelip",,
"nj1015",,
"RichTylerD",,
"JasonLStanton",,
"NevinBranham",39.228114,-76.449396
"uhcwp",,
"HmmmLO",,
"madelinemorph",,
"ColBannister",,
"lenapup15",,
"matt73027",,
"ecommerce2021",,
"GregoryEllner",,
"MrKlondikeBill",,
"Matthewmndz",,
"TheMarkKnight_",,
"har0627",,
"FatF1nger",,
"corsetmaster1",,
"WindCreekAtmore",,
"MacMakSSB",,
"JaneBozarth",,
"__atTEEnitve",,
"rockrichard",,
"SimplyKadejia",,
"JohnfKennedyjr3",,
"BothDakotas",,
"TNosbisch",,
"allassane11qb",,
"iamcourtneymat",,
"doubl_icious",,
"BenOlney",,
"annamgalli",,
"Budheiser44",,
"Cburns33Jones",,
"willhclark",,
"aliciaviera",,
"ShyamRaji",,
"hegemon0cle",,
"SteveO2385",,
"ornate_toast",,
"Shdwss",,
"notjustyourfan",,
"tatcanthearyou",,
"SarahLiverance",,
"DerrickFrmTexas",,
"CentralEx",,
"DivineLight_Sol",,
"salevise11",,
"prodbyAglet",,
"MSUEGTCounty",,
"3229Hawktimus",,
"FealtyGamer",,
"erika_lately",,
"laurenpiper4",,
"dcm0_",,
"Geeross3",,
"ThePoliticUSA1",,
"veektoriyahh",,
"jaxmechanic",,
"DynamiteComics",,
"terrypferguson",,
"fkajazz",,
"keepingdappy",,
"markmeadowz",,
"AmandaMThrasher",,
"dloewe",41.275721,-96.053431
"Joey_Marss",,
"Diosa_Joven",,
"PONews",,
"lumiicos",,
"_DukeWilliams",,
"BodybuildingMov",,
"1UPGAMES",,
"nhukee",,
"travalavs",,
"UVUNews",,
"liserg14",,
"TargetStocks",,
"NancyStrum",,
"BEHJ",,
"MacDougall93",,
"iamyourElder",,
"JNINE24659360",,
"tammylawtweets",,
"NateT_Bird",,
"pastfoundation",,
"RyanBurnsMN",,
"crow_that",,
"KissesSalt",,
"IROW1",,
"KatrinaRoets",,
"MJB750",,
"LoneStarAudio",,
"Ferretmorgue",34.0207895,-118.4119065
"markrsports",,
"antlaube",,
"dayionx",,
"passion4savings",,
"misskaileym",,
"RogueChocolate",,
"slideme",,
"YoungGhostDogV",,
"3rdtimewalter",,
"Bravodicus1",,
"GreaterAngliaPR",,
"MysorekarLab",,
"FrozenBoxLive",,
"sarahhhh_mk",,
"csoropeza",,
"bcatherinejoy_",,
"bradtem",,
"Trader4_life",,
"MidwestAdvocate",,
"fslusher61",37.754262,-81.2187375
"BroadwayWorld",,
"yuusharo",,
"medicine_noose",,
"SKinny_42",,
"PacodeLucia66",,
"SBTribune",,
"MinnaIbrahim2",,
"Kauai0604",,
"GeorgWebb",,
"nerdytribe",,
"jimfhall",,
"aclarke90",,
"noageyne",35.0919547,-85.242564
"joanaski",,
"LWinthorpeIII",,
"jokari8",,
"superr_sydd",,
"lindseltinsel",,
"ceo_step",,
"JennieWren56",,
"Seraj_Horan",,
"n_e_w_t_y_p_e",,
"skinister",,
"D_RichardMusic",,
"DopeSneakersBru",,
"SamsGhetto",,
"SeaFDIncidents",,
"SeaFDIncidents",,
"triley45",,
"davidclowery",,
"JaredBusker",39.150823,-119.7425635
"CobbChamber",,
"11colt11",,
"PsychoEST",,
"yervbvbe",,
"PaulMBanks",41.83358445,-87.732013
"lisayallen",,
"Dallas_Tickets_",,
"WorldIsWideTrvl",,
"Natureofthedog",,
"BGOTia18",,
"shaferjacob11",,
"m_mfarhan710",,
"Paul__Clifford",,
"CECEgotSTEEZ",39.0880045,-94.3783325
"jordynhawkey",,
"studenthumanjim",,
"ericoguizzo",,
"BestDealsOnlin7",,
"MsJonesn",,
"morgiemoremusic",,
"WeSupport45",,
"marksinkphoto",,
"EssexRinging",,
"madeinneshaa",,
"ezridersos",,
"acidreflux_tips",,
"dcbell61",,
"Tsunamironniee",,
"KMullady",,
"ceeonearth",,
"reluctantalien",,
"jada_gamble",,
"Brax_Avery",,
"BerningAtheist",,
"a_greenwood",,
"Alpha_Chung",,
"psalmagundi",,
"_FITTN_",,
"StripperAtlanta",,
"scso_dispatch",,
"scso_dispatch",,
"KyleDupree5",,
"cerestheories",,
"tdktgrecords",,
"_cassie_98",,
"CentreCountyGov",,
"anbuselvams",,
"PatrickJDylan",,
"notCvde",,
"ang3lsinnerr",,
"JaySignaturee",,
"Charlesx2289",,
"EmilAaslund",,
"archibong22",,
"Brittanycarn1",,
"CyberTaters",,
"HunterVane1",,
"OldManDuke",,
"Chuckw12",,
"Anapaulanarcis3",,
"TheJesseon",,
"phukaduc",,
"DukeLifer",,
"JCellBiol",,
"jackbower2006",,
"MattMan_IWS",,
"SpankHorton",,
"rasmusnutzhorn",30.3233457,-97.75472415
"JayCamp1024",,
"wayneadam",,
"roderickburrell",,
"TBiftereau",,
"artfulhome1",,
"markymetry",,
"gnardcore",,
"Be_starH",,
"justscottplease",,
"FrommetoyouMM",,
"pedalmagazine",,
"namron_4",,
"Fluffdragonz",,
"SharonLynnCald2",37.822244,-85.7682405
"ryanbrownOS",,
"KaliOg_",,
"NekoLeet_",38.3045585,-92.4367735
"cavecomputing",,
"CynicalMother",,
"BladeBrooklin",,
"yuhuunia",,
"jmaxball",,
"seasonsantiques",,
"vilmajasmine8",,
"TheHealthyTO",,
"aprillefever614",,
"Ebonyteach",,
"MarkObscura",,
"ncksnydr",47.6662486,-122.36859735
"marieee768",,
"DrDDReynolds",,
"RenegadePandaZ",,
"tablegrapes",,
"coldwarmegan",,
"elaineroisin",,
"samalb_14",,
"KaczTed",,
"pbpost",,
"tinnitus__tips",,
"EclecticVentur1",,
"Shawnvette",,
"willie_anderson",,
"zforexsignals",,
"DHyde_17",,
"nickyswens",42.199373,-70.9477915
"johnharveyguru",,
"DougKass",,
"Scott_Wiener",37.7706565,-122.4359785
"Insta_Gator1",,
"mikeconleyIN",,
"msrconf",,
"catchtheteaTV",,
"docvader2",,
"BufficornDance",,
"PFF_Mike",,
"tayylaaa96",,
"catspajamas00",,
"Shawndoc96",,
"GPHS_Softball",,
"PMennuts",,
"PDykie",,
"_illionaire",,
"gpkny",,
"somevelvetblog",,
"drm69",,
"UKNomadic",,
"Eazy_Rebel",,
"StarlightSerene",,
"thedailytubetv",,
"thedailytubetv",,
"thedailytubetv",,
"TerhuneCopy",,
"superGyasi",,
"pedsscrub",,
"CarDestination",,
"FSURich",33.7671944,-84.433106
"IntensityStocks",,
"ReutersVzla",,
"ReutersVzla",,
"ReutersVzla",,
"jesawalker",,
"thefamilydebt",,
"KemmisKopG",,
"ladyvolsone",,
"jamesASHLI",,
"MULawAdmissions",,
"Jekashop_US",,
"WMCC__",,
"Whimsical_days",,
"7pints",,
"Bar22",,
"HibbDailyTrib",,
"GregLynn9418",,
"bamaq23",,
"twobillsdrive",,
"Donttellyournew",,
"jarodsversachin",,
"DaisyyCamachoo",,
"Winmtrexpress",,
"xmishaaxe",,
"bryanhouston",,
"Sew_Qute",,
"_RaePhoenix",,
"_ricotyb",,
"happycodemonkey",,
"Bxzzlee",,
"stephatkins",,
"PaulMoniz1",,
"NazDreaming",,
"BusinessEyeCI",,
"janalovespooh",,
"craiggrossom",,
"T4TVermont",,
"KillSwitchKatee",,
"iwantthenews",,
"currentplaylist",,
"WKNC881Playlist",,
"onovotny",,
"ArizonaActivist",,
"MacyLiv",,
"TEDpartners",,
"HoIySchNIKEs",,
"ValderaMoonshae",,
"BeatTracker",,
"rbx_KANnews",,
"_marlanderthews",,
"shortvolumes",,
"LunchWithALens",,
"mflixx",,
"lydiagleaves",,
"xokld17",,
"EarthsSurvivor1",,
"nuketimepiece",,
"GParkDentistry",,
"CandiceStone",,
"hwileyiii",,
"jogsfl",,
"randileeharper",,
"EcoInternetDrGB",,
"Hits93Toronto",,
"brazza1964",31.1688935,-100.0768885
"RaionDev",,
"VillaIndieRadio",,
"signalpres",,
"jayisontherise",,
"Trinidadtobago0",,
"nc_turn",,
"__Itty",,
"WizzelBadazz",,
"HHNSradio",,
"eagertoserve",,
"ActiveNow23",,
"bertabae_",,
"lbischoff",40.3651595,-82.66946745
"ExploreNP",,
"joshPandaEdward",,
"LindaSc60490794",,
"ForestRidge142",,
"SpindleVineyard",42.7735,-73.70079
"MDOPartners",,
"mabaranova40687",,
"Queen_mikaykay",,
"summervilleguy",,
"FairfaxNews1",,
"Pastrsnack",,
"esr96",,
"benepstein55",,
"ZeppeCat",,
"batxbabe",,
"ARod75",,
"sean516",,
"ThomasHulbert6",,
"ArrgeOW",,
"sammysdaddy2",,
"SXYLK",,
"KiHundoGttb",,
"ShazzBakes",,
"MrJustinWahe",,
"wrmiller1103",,
"YasirAl15",,
"iamhamzahh",,
"Markkuhn11",,
"inaocanaperez19",,
"2NDPLCE",34.04312,-118.26711
"CharlyVanRumple",,
"sydney_rhodus",,
"jdrama418",37.7059021,-122.15200352
"NickGeeko",,
"ministrywithgod",,
"HoneybunHank",,
"JesseSugar1",,
"IgniteCCo",,
"Craigcash23",,
"Jeramy4125",,
"sopelovbot",,
"joshcline1982",,
"dianaxnic",,
"seth_nieman",,
"tjowens",,
"FlamesDoggo",,
"Voski_Supreme",,
"CryptoFatboy",,
"fhDavidChadwick",,
"JimmyVanBramer",40.7127294045987,-74.0055248908272
"CES_EastSide",,
"kingrellymoe",,
"insulinshordy",,
"jgramajo4",,
"HartzChris",,
"_sparky_tweets_",,
"jaylen_brown1",,
"XxCrashQueenxX",,
"PatsFans_News",,
"BUILD_NYC",40.780709,-73.9685415
"bjconejo21",,
"Mr__Soto",,
"BrettGuyGlam",,
"mrsjfbj",,
"ProEdTN",,
"ProEdTN",,
"DrPatriciaMD",,
"xMunajj",,
"itsWASD",,
"PureTaylord21",,
"drfixus",,
"ChristyRossiter",,
"ILScreenings",,
"abrivicious",,
"GMFordNoFilter",,
"tootsmaytals",,
"T_canny",35.1704985,-79.86103375
"Eirik",,
"AlwaysHaveTime",,
"LonzoGod",,
"Blame_Forex",,
"brentnreed",,
"steveniida",,
"DmlXpertsCorner",,
"BalticEssential",,
"elijahwilli_",,
"LakeCountyLib",,
"Autumnsire",,
"ChristyJohnson7",,
"thetomgregg85",,
"IngaStinaWestma",,
"Delaney_McP",,
"jmarkarnold",,
"WHotels",,
"AnicaCihla",,
"ShadowWithATie",,
"pticakiwi",,
"Buffalo_Phill",,
"greenBXmachine",,
"iAM_BERserk",,
"McgiffinKelly",33.8527355,-118.0066568
"MuffinsChidley",,
"CausticRiddle",,
"Sparatan_1",,
"adamsandreese",,
"kyungrismaid",,
"MollyRhodes15",,
"vernal_has_art",,
"O_the_goddess",,
"calmecait",,
"thedrgnflyhome",,
"wasabithirl",,
"DailyxTech",,
"WHJE_Music",,
"takinitin1",,
"RW911",,
"paul1wall0",39.9946835,-82.98577205
"MyLibertyLive",,
"Softnet_Search",,
"tastyfeast",,
"belvedere_mr",,
"murmanz",,
"autch14",,
"Aubron_JT",,
"MandyRossArt",,
"SrTechClub",,
"Mersaydezbabe",,
"Somnilux",,
"BrenoCosta",,
"C24podcast",,
"TheMaverickGal",,
"JianinaP",,
"107getd",,
"thisthat_tha3rd",,
"ines_thiele",,
"griegermotors",,
"edereesabdul",,
"JamesWymore",,
"jaidizzz",,
"dayanalsuarez",,
"OgilvyCAN",,
"HotNeurologist",,
"therealmikenew",,
"AAguayo1330ESPN",,
"troyathenscheer",,
"taizen_kun",,
"quietlightinc",,
"pernasmercedes",,
"bobbit_tony",,
"bitesofbullcity",,
"heraldscotland",,
"Mavs_Ace",43.3361704,-88.2928425
"tkRenee_",,
"G_Rhodenizer",,
"masiecurls",,
"FONZ_FM",,
"Wickedella_",,
"Miligor25",,
"questingqueers",,
"thomsdc",,
"AFMBlog",,
"BuFenway",,
"RamosTrader",,
"btssunandmoon",,
"1terad0",,
"DodgerZack",,
"ccoss15",,
"JAYBLESSED",,
"TopDrawInc",,
"MsSloth",,
"basementkilla",40.655138,-73.9487755
"radiomann71",,
"SuzannOlivia",,
"f_cassm",,
"JoeMarino2017",,
"maclibraries",,
"juul_shawny",,
"Ashton_Breeee",,
"Kashmirology",,
"SilenceDogo_od",,
"patrickpdude",,
"Bos365",,
"RyanPiaskowy",,
"topwater235",,
"Presbyterian",,
"CHASINGSPlDERS",,
"YPballin",,
"chp_la",,
"karinchastain",,
"onelxv",,
"kallenoh",,
"SCPBPodcast",,
"AshleyCote74",,
"MARAMARAYIN",,
"Bennuworld",,
"flypapplilon",43.629311,-79.2725695
"TomboyTayler",,
"BikerFci",,
"EDegrate",32.3156615,-95.31704
"FriendlyFire41",,
"sorairo_days",,
"SaratogaOcean",,
"RealJeffHoliday",,
"mackinac_",,
"JenoeGordon",,
"theakbailey",,
"PSUPublicPolicy",,
"Guilford_Manor",,
"FirstServeApps",,
"gekkyume",,
"OVHcloud",,
"OsageNews",,
"al_rende",,
"CBSSM",,
"TyngsElementary",,
"Fab46Paris",,
"transitdude",,
"Office_Steve_",,
"ClineCallewaert",,
"EvilWilma",,
"betsyhelfand",,
"nadan4",,
"MoodyGardens",,
"AngelaHumphrie9",,
"kathgallagher3",,
"ErinTobz",,
"Klovelace12",,
"ashtyn_shaw",,
"sherayarianne",,
"WantedEarth",,
"childofgod_21",,
"DeepRiverTM1996",,
"abbycabanos_",,
"dewarpr",,
"SpaceFaceDub",,
"A_J_Badr",,
"simkumba",,
"juliedaisies",,
"rock93x",,
"DefinedSTEM",,
"FFMercenary",,
"Bearchristensen",,
"jamiebuckner",30.3233457,-97.75472415
"deadtreetattoo",,
"DC_Informer",,
"SUDDENLYSEXY",,
"DeepStateExpose",,
"ayzkhn1",,
"RobShattuckAL06",,
"tvThirdEye",,
"edahlen",,
"EtowahStudServ",,
"WhatsOnFM1021",,
"PedroCanas5",,
"Grace_Yek",,
"PeterSpadafore",42.7331245,-84.6613215
"u2biker",,
"Camdaoutkazt",,
"LadyPentecost",,
"MarcGoldwein",,
"ProudlyLiberal",,
"nyactor",,
"HFNdigital",,
"ImpossibleFoods",,
"piirtelen",,
"TotalTrafficPIT",,
"RadioPlayToday",,
"HabitatNOLA",,
"3SophieGrace3",,
"SportsTalkMiss",,
"curvegawdd",,
"S1lv3rfern",,
"wearenorth99",,
"EmpressDelia",,
"RepStevenSmith",,
"BobbiBrown",,
"TILIKI_OS",,
"MPRnews",,
